Timestamp,Solaire (MW),Éolien (MW),Hydroélectrique (MW),Gaz (MW),Cycle à Vapeur (MW)
2025-01-15 12:50:46.852379,152,377,314,841,303
2025-01-15 13:50:46.852379,485,219,584,710,618
2025-01-15 14:50:46.852379,398,220,473,492,554
2025-01-15 15:50:46.852379,320,398,563,219,351
2025-01-15 16:50:46.852379,156,341,297,481,187
2025-01-15 17:50:46.852379,121,146,299,996,337
2025-01-15 18:50:46.852379,238,163,124,200,206
2025-01-15 19:50:46.852379,70,87,565,318,169
2025-01-15 20:50:46.852379,152,73,188,234,422
2025-01-15 21:50:46.852379,171,202,367,397,268
2025-01-15 22:50:46.852379,264,189,242,684,665
2025-01-15 23:50:46.852379,380,202,158,956,370
2025-01-16 00:50:46.852379,137,346,509,258,675
2025-01-16 01:50:46.852379,422,332,588,360,664
2025-01-16 02:50:46.852379,149,178,464,890,485
2025-01-16 03:50:46.852379,409,109,125,405,204
2025-01-16 04:50:46.852379,201,242,146,211,649
2025-01-16 05:50:46.852379,180,232,387,689,685
2025-01-16 06:50:46.852379,199,281,365,475,311
2025-01-16 07:50:46.852379,358,258,115,892,308
2025-01-16 08:50:46.852379,307,193,298,441,337
2025-01-16 09:50:46.852379,393,256,500,415,209
2025-01-16 10:50:46.852379,463,176,506,450,468
2025-01-16 11:50:46.852379,343,49,381,325,360
2025-01-16 12:50:46.852379,435,76,568,416,555
2025-01-16 13:50:46.852379,241,262,185,505,258
2025-01-16 14:50:46.852379,493,334,349,996,225
2025-01-16 15:50:46.852379,326,43,490,384,691
2025-01-16 16:50:46.852379,210,172,369,238,463
2025-01-16 17:50:46.852379,363,30,434,422,266
2025-01-16 18:50:46.852379,71,83,216,383,168
2025-01-16 19:50:46.852379,302,288,106,694,581
2025-01-16 20:50:46.852379,285,173,236,626,499
2025-01-16 21:50:46.852379,394,41,470,377,332
2025-01-16 22:50:46.852379,98,359,275,627,262
2025-01-16 23:50:46.852379,108,253,427,493,332
2025-01-17 00:50:46.852379,219,301,597,350,630
2025-01-17 01:50:46.852379,237,387,414,583,295
2025-01-17 02:50:46.852379,320,185,314,837,262
2025-01-17 03:50:46.852379,239,37,576,507,625
2025-01-17 04:50:46.852379,495,151,181,535,452
2025-01-17 05:50:46.852379,224,377,322,945,267
2025-01-17 06:50:46.852379,495,193,577,574,310
2025-01-17 07:50:46.852379,100,119,471,207,550
2025-01-17 08:50:46.852379,413,165,522,540,347
2025-01-17 09:50:46.852379,104,215,582,328,409
2025-01-17 10:50:46.852379,293,345,501,975,196
2025-01-17 11:50:46.852379,369,207,542,868,548
2025-01-17 12:50:46.852379,180,57,589,551,227
2025-01-17 13:50:46.852379,356,249,202,557,273
2025-01-17 14:50:46.852379,184,386,372,716,224
2025-01-17 15:50:46.852379,70,70,113,694,286
2025-01-17 16:50:46.852379,378,257,258,285,549
2025-01-17 17:50:46.852379,216,221,251,374,654
2025-01-17 18:50:46.852379,323,174,582,392,649
2025-01-17 19:50:46.852379,437,230,207,510,287
2025-01-17 20:50:46.852379,138,241,287,318,199
2025-01-17 21:50:46.852379,365,249,400,417,403
2025-01-17 22:50:46.852379,63,269,197,626,575
2025-01-17 23:50:46.852379,291,75,230,613,696
2025-01-18 00:50:46.852379,314,64,392,313,451
2025-01-18 01:50:46.852379,395,282,270,344,498
2025-01-18 02:50:46.852379,102,111,523,737,198
2025-01-18 03:50:46.852379,435,285,573,847,223
2025-01-18 04:50:46.852379,389,226,282,502,410
2025-01-18 05:50:46.852379,141,332,570,943,505
2025-01-18 06:50:46.852379,416,39,463,787,409
2025-01-18 07:50:46.852379,493,341,138,544,444
2025-01-18 08:50:46.852379,477,315,114,200,462
2025-01-18 09:50:46.852379,313,271,475,346,331
2025-01-18 10:50:46.852379,480,280,596,486,513
2025-01-18 11:50:46.852379,84,394,103,853,337
2025-01-18 12:50:46.852379,255,34,448,252,692
2025-01-18 13:50:46.852379,130,148,569,503,697
2025-01-18 14:50:46.852379,469,318,508,268,557
2025-01-18 15:50:46.852379,99,94,496,560,563
2025-01-18 16:50:46.852379,409,175,309,801,491
2025-01-18 17:50:46.852379,437,253,260,419,369
2025-01-18 18:50:46.852379,51,268,115,903,312
2025-01-18 19:50:46.852379,439,206,592,774,369
2025-01-18 20:50:46.852379,103,296,525,784,419
2025-01-18 21:50:46.852379,155,370,207,360,549
2025-01-18 22:50:46.852379,309,311,481,880,331
2025-01-18 23:50:46.852379,359,92,549,288,354
2025-01-19 00:50:46.852379,240,246,410,887,377
2025-01-19 01:50:46.852379,451,371,326,980,399
2025-01-19 02:50:46.852379,267,344,269,784,590
2025-01-19 03:50:46.852379,93,312,133,956,682
2025-01-19 04:50:46.852379,211,206,513,788,345
2025-01-19 05:50:46.852379,251,127,350,358,668
2025-01-19 06:50:46.852379,495,134,346,688,219
2025-01-19 07:50:46.852379,319,128,368,523,548
2025-01-19 08:50:46.852379,400,340,240,809,352
2025-01-19 09:50:46.852379,353,35,373,580,297
2025-01-19 10:50:46.852379,320,226,515,301,621
2025-01-19 11:50:46.852379,264,380,195,693,348
2025-01-19 12:50:46.852379,301,162,326,843,575
2025-01-19 13:50:46.852379,239,387,478,813,641
2025-01-19 14:50:46.852379,345,288,138,218,291
2025-01-19 15:50:46.852379,262,52,401,653,462
2025-01-19 16:50:46.852379,257,82,599,681,314
2025-01-19 17:50:46.852379,286,194,128,793,463
2025-01-19 18:50:46.852379,387,231,545,596,170
2025-01-19 19:50:46.852379,416,112,596,478,231
2025-01-19 20:50:46.852379,102,174,576,564,280
2025-01-19 21:50:46.852379,329,114,417,530,454
2025-01-19 22:50:46.852379,459,107,344,840,520
2025-01-19 23:50:46.852379,266,395,335,543,533
2025-01-20 00:50:46.852379,301,30,284,654,594
2025-01-20 01:50:46.852379,237,80,371,800,574
2025-01-20 02:50:46.852379,429,202,539,924,310
2025-01-20 03:50:46.852379,90,234,335,854,327
2025-01-20 04:50:46.852379,206,289,338,264,639
2025-01-20 05:50:46.852379,64,398,476,275,476
2025-01-20 06:50:46.852379,350,317,365,910,438
2025-01-20 07:50:46.852379,114,63,513,342,503
2025-01-20 08:50:46.852379,394,377,508,804,177
2025-01-20 09:50:46.852379,376,124,458,672,192
2025-01-20 10:50:46.852379,58,101,439,616,572
2025-01-20 11:50:46.852379,393,68,488,504,326
2025-01-20 12:50:46.852379,178,183,164,935,678
2025-01-20 13:50:46.852379,185,279,577,696,643
2025-01-20 14:50:46.852379,112,191,276,490,347
2025-01-20 15:50:46.852379,188,147,102,301,666
2025-01-20 16:50:46.852379,130,288,528,466,663
2025-01-20 17:50:46.852379,441,335,241,821,171
2025-01-20 18:50:46.852379,212,297,475,976,261
2025-01-20 19:50:46.852379,468,83,257,202,206
2025-01-20 20:50:46.852379,338,265,597,284,215
2025-01-20 21:50:46.852379,428,251,423,993,247
2025-01-20 22:50:46.852379,310,280,245,527,293
2025-01-20 23:50:46.852379,280,342,545,649,584
2025-01-21 00:50:46.852379,90,141,392,653,235
2025-01-21 01:50:46.852379,77,284,252,828,493
2025-01-21 02:50:46.852379,184,332,531,420,443
2025-01-21 03:50:46.852379,250,236,292,353,392
2025-01-21 04:50:46.852379,377,258,536,864,181
2025-01-21 05:50:46.852379,317,370,593,211,540
2025-01-21 06:50:46.852379,467,95,562,332,426
2025-01-21 07:50:46.852379,82,104,172,503,681
2025-01-21 08:50:46.852379,97,132,498,492,303
2025-01-21 09:50:46.852379,456,221,404,499,532
2025-01-21 10:50:46.852379,111,281,476,939,217
2025-01-21 11:50:46.852379,265,255,443,982,363
2025-01-21 12:50:46.852379,342,323,551,242,525
2025-01-21 13:50:46.852379,148,335,239,542,362
2025-01-21 14:50:46.852379,221,127,286,525,228
2025-01-21 15:50:46.852379,409,367,392,697,530
2025-01-21 16:50:46.852379,263,315,160,563,207
2025-01-21 17:50:46.852379,84,364,584,626,175
2025-01-21 18:50:46.852379,498,376,526,220,596
2025-01-21 19:50:46.852379,276,337,479,606,215
2025-01-21 20:50:46.852379,150,278,297,818,403
2025-01-21 21:50:46.852379,480,195,394,535,193
2025-01-21 22:50:46.852379,180,364,539,316,246
2025-01-21 23:50:46.852379,306,59,418,323,376
2025-01-22 00:50:46.852379,54,276,401,598,585
2025-01-22 01:50:46.852379,267,135,443,992,528
2025-01-22 02:50:46.852379,304,80,110,914,327
2025-01-22 03:50:46.852379,447,110,161,250,576
2025-01-22 04:50:46.852379,408,162,432,982,456
2025-01-22 05:50:46.852379,332,314,325,523,653
2025-01-22 06:50:46.852379,442,167,252,988,417
2025-01-22 07:50:46.852379,256,213,298,340,157
2025-01-22 08:50:46.852379,64,359,151,669,657
2025-01-22 09:50:46.852379,395,302,359,986,625
2025-01-22 10:50:46.852379,91,369,158,533,446
2025-01-22 11:50:46.852379,429,98,171,572,313
2025-01-22 12:50:46.852379,228,63,247,763,634
2025-01-22 13:50:46.852379,112,291,448,693,221
2025-01-22 14:50:46.852379,401,82,162,738,387
2025-01-22 15:50:46.852379,280,234,409,868,253
2025-01-22 16:50:46.852379,290,155,472,950,359
2025-01-22 17:50:46.852379,101,264,342,355,617
2025-01-22 18:50:46.852379,145,72,592,490,603
2025-01-22 19:50:46.852379,437,269,465,847,417
2025-01-22 20:50:46.852379,271,140,429,343,535
2025-01-22 21:50:46.852379,456,278,206,305,536
2025-01-22 22:50:46.852379,280,180,325,619,408
2025-01-22 23:50:46.852379,286,212,412,869,432
2025-01-23 00:50:46.852379,192,365,317,857,189
2025-01-23 01:50:46.852379,220,124,524,201,635
2025-01-23 02:50:46.852379,78,37,340,788,369
2025-01-23 03:50:46.852379,85,389,358,843,278
2025-01-23 04:50:46.852379,62,213,475,289,669
2025-01-23 05:50:46.852379,209,310,361,544,409
2025-01-23 06:50:46.852379,376,224,104,549,515
2025-01-23 07:50:46.852379,236,381,360,658,693
2025-01-23 08:50:46.852379,292,224,153,462,673
2025-01-23 09:50:46.852379,135,184,146,550,165
2025-01-23 10:50:46.852379,333,122,314,307,278
2025-01-23 11:50:46.852379,115,189,276,785,258
2025-01-23 12:50:46.852379,219,90,108,238,682
2025-01-23 13:50:46.852379,94,151,198,358,418
2025-01-23 14:50:46.852379,111,80,119,782,311
2025-01-23 15:50:46.852379,490,306,477,511,409
2025-01-23 16:50:46.852379,183,34,340,440,251
2025-01-23 17:50:46.852379,333,121,160,644,655
2025-01-23 18:50:46.852379,77,199,478,497,396
2025-01-23 19:50:46.852379,157,346,589,235,686
2025-01-23 20:50:46.852379,93,51,518,283,280
2025-01-23 21:50:46.852379,389,355,277,651,502
2025-01-23 22:50:46.852379,335,30,437,974,345
2025-01-23 23:50:46.852379,495,162,161,584,531
2025-01-24 00:50:46.852379,380,262,244,371,376
2025-01-24 01:50:46.852379,177,41,315,575,625
2025-01-24 02:50:46.852379,397,375,102,884,626
2025-01-24 03:50:46.852379,280,75,259,561,414
2025-01-24 04:50:46.852379,239,63,326,758,521
2025-01-24 05:50:46.852379,274,107,585,340,635
2025-01-24 06:50:46.852379,434,247,368,317,583
2025-01-24 07:50:46.852379,426,330,219,476,360
2025-01-24 08:50:46.852379,332,102,480,925,526
2025-01-24 09:50:46.852379,495,311,594,419,544
2025-01-24 10:50:46.852379,170,278,188,225,599
2025-01-24 11:50:46.852379,165,76,428,720,513
2025-01-24 12:50:46.852379,282,150,167,982,606
2025-01-24 13:50:46.852379,308,243,497,209,375
2025-01-24 14:50:46.852379,408,268,456,577,280
2025-01-24 15:50:46.852379,247,85,197,832,625
2025-01-24 16:50:46.852379,460,379,366,836,426
2025-01-24 17:50:46.852379,186,136,204,881,305
2025-01-24 18:50:46.852379,367,348,539,783,367
2025-01-24 19:50:46.852379,214,77,422,351,339
2025-01-24 20:50:46.852379,274,90,222,919,566
2025-01-24 21:50:46.852379,356,366,575,248,695
2025-01-24 22:50:46.852379,283,55,128,353,190
2025-01-24 23:50:46.852379,221,321,236,492,456
2025-01-25 00:50:46.852379,201,286,294,779,487
2025-01-25 01:50:46.852379,364,37,508,249,463
2025-01-25 02:50:46.852379,423,142,325,863,224
2025-01-25 03:50:46.852379,209,384,431,730,428
2025-01-25 04:50:46.852379,145,282,269,811,325
2025-01-25 05:50:46.852379,282,209,108,259,422
2025-01-25 06:50:46.852379,229,236,562,366,438
2025-01-25 07:50:46.852379,162,332,139,401,421
2025-01-25 08:50:46.852379,367,156,124,345,215
2025-01-25 09:50:46.852379,491,85,360,875,632
2025-01-25 10:50:46.852379,101,243,494,638,397
2025-01-25 11:50:46.852379,317,43,542,441,305
2025-01-25 12:50:46.852379,344,57,325,780,196
2025-01-25 13:50:46.852379,435,107,571,886,603
2025-01-25 14:50:46.852379,436,245,223,760,350
2025-01-25 15:50:46.852379,162,394,562,682,273
2025-01-25 16:50:46.852379,150,183,137,307,150
2025-01-25 17:50:46.852379,162,43,427,425,340
2025-01-25 18:50:46.852379,489,216,350,872,665
2025-01-25 19:50:46.852379,130,341,488,830,591
2025-01-25 20:50:46.852379,236,36,275,860,292
2025-01-25 21:50:46.852379,162,32,189,861,340
2025-01-25 22:50:46.852379,51,140,501,631,682
2025-01-25 23:50:46.852379,179,267,553,854,376
2025-01-26 00:50:46.852379,269,392,136,618,462
2025-01-26 01:50:46.852379,103,268,415,654,451
2025-01-26 02:50:46.852379,392,303,275,359,609
2025-01-26 03:50:46.852379,273,323,560,722,550
2025-01-26 04:50:46.852379,274,256,383,849,542
2025-01-26 05:50:46.852379,434,44,552,789,356
2025-01-26 06:50:46.852379,452,221,560,276,359
2025-01-26 07:50:46.852379,175,148,180,708,264
2025-01-26 08:50:46.852379,179,57,213,640,400
2025-01-26 09:50:46.852379,102,231,139,453,368
2025-01-26 10:50:46.852379,221,68,400,969,556
2025-01-26 11:50:46.852379,267,302,323,519,592
2025-01-26 12:50:46.852379,209,260,417,462,503
2025-01-26 13:50:46.852379,247,115,448,796,699
2025-01-26 14:50:46.852379,465,155,214,857,291
2025-01-26 15:50:46.852379,296,329,285,753,650
2025-01-26 16:50:46.852379,373,54,422,573,696
2025-01-26 17:50:46.852379,488,174,155,836,691
2025-01-26 18:50:46.852379,252,42,139,366,656
2025-01-26 19:50:46.852379,233,241,453,952,430
2025-01-26 20:50:46.852379,172,54,139,658,573
2025-01-26 21:50:46.852379,450,97,446,479,419
2025-01-26 22:50:46.852379,304,96,560,899,303
2025-01-26 23:50:46.852379,343,262,336,501,232
2025-01-27 00:50:46.852379,329,138,388,730,575
2025-01-27 01:50:46.852379,374,175,361,779,424
2025-01-27 02:50:46.852379,421,140,315,417,433
2025-01-27 03:50:46.852379,147,257,246,301,322
2025-01-27 04:50:46.852379,247,140,435,753,476
2025-01-27 05:50:46.852379,444,63,267,487,212
2025-01-27 06:50:46.852379,289,140,191,366,222
2025-01-27 07:50:46.852379,193,293,452,820,524
2025-01-27 08:50:46.852379,146,398,158,235,657
2025-01-27 09:50:46.852379,250,265,158,943,547
2025-01-27 10:50:46.852379,173,112,403,940,269
2025-01-27 11:50:46.852379,236,71,268,552,586
2025-01-27 12:50:46.852379,375,130,368,875,614
2025-01-27 13:50:46.852379,398,35,462,272,435
2025-01-27 14:50:46.852379,308,209,144,847,414
2025-01-27 15:50:46.852379,197,311,444,552,469
2025-01-27 16:50:46.852379,301,349,280,269,525
2025-01-27 17:50:46.852379,492,255,269,624,238
2025-01-27 18:50:46.852379,469,344,455,907,352
2025-01-27 19:50:46.852379,452,394,290,980,483
2025-01-27 20:50:46.852379,395,258,254,760,371
2025-01-27 21:50:46.852379,196,318,521,841,190
2025-01-27 22:50:46.852379,197,179,287,716,217
2025-01-27 23:50:46.852379,401,306,106,627,663
2025-01-28 00:50:46.852379,248,227,232,738,276
2025-01-28 01:50:46.852379,357,99,334,359,404
2025-01-28 02:50:46.852379,466,141,144,348,165
2025-01-28 03:50:46.852379,473,33,413,975,626
2025-01-28 04:50:46.852379,177,379,348,429,211
2025-01-28 05:50:46.852379,88,360,598,911,581
2025-01-28 06:50:46.852379,387,347,130,761,417
2025-01-28 07:50:46.852379,409,379,122,266,184
2025-01-28 08:50:46.852379,178,124,525,580,643
2025-01-28 09:50:46.852379,316,181,493,257,618
2025-01-28 10:50:46.852379,490,340,259,458,474
2025-01-28 11:50:46.852379,483,166,462,541,453
2025-01-28 12:50:46.852379,200,276,536,329,425
2025-01-28 13:50:46.852379,464,272,257,926,350
2025-01-28 14:50:46.852379,347,60,138,371,594
2025-01-28 15:50:46.852379,148,69,514,969,473
2025-01-28 16:50:46.852379,312,258,181,813,184
2025-01-28 17:50:46.852379,301,65,455,408,631
2025-01-28 18:50:46.852379,193,252,357,553,629
2025-01-28 19:50:46.852379,395,35,305,670,214
2025-01-28 20:50:46.852379,161,351,176,997,157
2025-01-28 21:50:46.852379,109,249,576,315,450
2025-01-28 22:50:46.852379,418,104,111,463,492
2025-01-28 23:50:46.852379,51,33,394,861,580
2025-01-29 00:50:46.852379,434,364,549,641,573
2025-01-29 01:50:46.852379,353,163,323,747,481
2025-01-29 02:50:46.852379,303,147,112,652,587
2025-01-29 03:50:46.852379,189,398,145,676,323
2025-01-29 04:50:46.852379,86,123,254,486,676
2025-01-29 05:50:46.852379,209,91,212,502,175
2025-01-29 06:50:46.852379,58,223,332,510,555
2025-01-29 07:50:46.852379,282,364,116,407,381
2025-01-29 08:50:46.852379,148,232,459,817,682
2025-01-29 09:50:46.852379,196,55,322,645,699
2025-01-29 10:50:46.852379,353,202,453,869,654
2025-01-29 11:50:46.852379,257,329,287,832,328
2025-01-29 12:50:46.852379,180,162,547,254,281
2025-01-29 13:50:46.852379,453,355,443,211,604
2025-01-29 14:50:46.852379,201,147,464,856,497
2025-01-29 15:50:46.852379,103,353,262,599,689
2025-01-29 16:50:46.852379,169,304,595,847,555
2025-01-29 17:50:46.852379,210,241,425,714,225
2025-01-29 18:50:46.852379,457,254,566,855,641
2025-01-29 19:50:46.852379,165,49,513,741,343
2025-01-29 20:50:46.852379,124,142,554,436,311
2025-01-29 21:50:46.852379,162,169,173,478,496
2025-01-29 22:50:46.852379,469,76,332,547,510
2025-01-29 23:50:46.852379,471,30,323,826,236
2025-01-30 00:50:46.852379,153,119,581,303,411
2025-01-30 01:50:46.852379,389,171,418,829,363
2025-01-30 02:50:46.852379,303,349,511,716,411
2025-01-30 03:50:46.852379,276,67,159,447,432
2025-01-30 04:50:46.852379,161,322,434,563,616
2025-01-30 05:50:46.852379,148,168,321,520,529
2025-01-30 06:50:46.852379,202,385,136,832,511
2025-01-30 07:50:46.852379,398,362,576,485,598
2025-01-30 08:50:46.852379,451,288,377,348,590
2025-01-30 09:50:46.852379,433,190,295,283,242
2025-01-30 10:50:46.852379,415,207,503,605,573
2025-01-30 11:50:46.852379,387,39,451,655,291
2025-01-30 12:50:46.852379,243,290,583,942,440
2025-01-30 13:50:46.852379,359,167,341,999,581
2025-01-30 14:50:46.852379,212,201,423,360,198
2025-01-30 15:50:46.852379,257,42,318,983,451
2025-01-30 16:50:46.852379,494,197,291,659,339
2025-01-30 17:50:46.852379,218,159,116,749,285
2025-01-30 18:50:46.852379,210,113,111,699,553
2025-01-30 19:50:46.852379,117,350,505,937,490
2025-01-30 20:50:46.852379,338,348,500,708,467
2025-01-30 21:50:46.852379,447,130,493,853,512
2025-01-30 22:50:46.852379,326,358,473,680,531
2025-01-30 23:50:46.852379,353,302,292,862,382
2025-01-31 00:50:46.852379,453,294,121,313,493
2025-01-31 01:50:46.852379,433,67,573,948,698
2025-01-31 02:50:46.852379,441,123,219,777,678
2025-01-31 03:50:46.852379,184,124,309,560,332
2025-01-31 04:50:46.852379,244,334,405,540,190
2025-01-31 05:50:46.852379,450,98,369,969,546
2025-01-31 06:50:46.852379,177,347,291,960,643
2025-01-31 07:50:46.852379,82,265,274,648,482
2025-01-31 08:50:46.852379,225,363,384,379,276
2025-01-31 09:50:46.852379,492,166,303,901,150
2025-01-31 10:50:46.852379,420,105,263,606,317
2025-01-31 11:50:46.852379,424,64,350,865,168
2025-01-31 12:50:46.852379,71,30,326,395,481
2025-01-31 13:50:46.852379,287,325,535,665,605
2025-01-31 14:50:46.852379,207,349,480,510,258
2025-01-31 15:50:46.852379,87,89,559,461,417
2025-01-31 16:50:46.852379,279,349,106,618,594
2025-01-31 17:50:46.852379,414,378,128,605,389
2025-01-31 18:50:46.852379,100,357,494,342,450
2025-01-31 19:50:46.852379,487,296,132,541,252
2025-01-31 20:50:46.852379,313,390,233,515,399
2025-01-31 21:50:46.852379,332,258,466,300,602
2025-01-31 22:50:46.852379,76,299,178,443,669
2025-01-31 23:50:46.852379,275,345,515,689,302
2025-02-01 00:50:46.852379,326,315,534,211,323
2025-02-01 01:50:46.852379,335,320,558,438,492
2025-02-01 02:50:46.852379,146,242,157,760,580
2025-02-01 03:50:46.852379,333,194,570,241,473
2025-02-01 04:50:46.852379,416,34,125,877,569
2025-02-01 05:50:46.852379,497,368,581,793,634
2025-02-01 06:50:46.852379,366,107,529,628,561
2025-02-01 07:50:46.852379,353,91,325,357,233
2025-02-01 08:50:46.852379,196,161,384,415,262
2025-02-01 09:50:46.852379,53,118,103,869,481
2025-02-01 10:50:46.852379,84,266,564,661,527
2025-02-01 11:50:46.852379,241,71,198,333,190
2025-02-01 12:50:46.852379,98,118,496,266,254
2025-02-01 13:50:46.852379,66,325,588,206,351
2025-02-01 14:50:46.852379,221,357,138,725,599
2025-02-01 15:50:46.852379,269,324,370,272,415
2025-02-01 16:50:46.852379,207,133,474,598,359
2025-02-01 17:50:46.852379,95,43,384,604,267
2025-02-01 18:50:46.852379,422,317,256,874,526
2025-02-01 19:50:46.852379,55,208,174,777,689
2025-02-01 20:50:46.852379,148,154,471,329,233
2025-02-01 21:50:46.852379,429,382,387,665,603
2025-02-01 22:50:46.852379,282,52,229,405,663
2025-02-01 23:50:46.852379,86,92,274,987,536
2025-02-02 00:50:46.852379,329,172,561,967,499
2025-02-02 01:50:46.852379,398,182,183,465,445
2025-02-02 02:50:46.852379,351,174,121,736,407
2025-02-02 03:50:46.852379,230,254,558,992,230
2025-02-02 04:50:46.852379,144,338,126,452,417
2025-02-02 05:50:46.852379,148,133,294,488,568
2025-02-02 06:50:46.852379,237,133,436,363,384
2025-02-02 07:50:46.852379,165,68,481,294,460
2025-02-02 08:50:46.852379,240,227,335,981,506
2025-02-02 09:50:46.852379,302,163,539,309,362
2025-02-02 10:50:46.852379,465,96,191,535,198
2025-02-02 11:50:46.852379,210,208,576,437,276
2025-02-02 12:50:46.852379,305,71,120,580,372
2025-02-02 13:50:46.852379,372,44,402,635,428
2025-02-02 14:50:46.852379,177,140,563,682,557
2025-02-02 15:50:46.852379,67,186,456,224,654
2025-02-02 16:50:46.852379,330,318,542,852,443
2025-02-02 17:50:46.852379,272,260,183,316,426
2025-02-02 18:50:46.852379,103,186,361,681,587
2025-02-02 19:50:46.852379,107,67,246,591,256
2025-02-02 20:50:46.852379,372,126,540,736,569
2025-02-02 21:50:46.852379,409,318,552,278,578
2025-02-02 22:50:46.852379,223,283,486,779,524
2025-02-02 23:50:46.852379,329,225,356,372,222
2025-02-03 00:50:46.852379,163,115,157,211,179
2025-02-03 01:50:46.852379,337,351,479,999,337
2025-02-03 02:50:46.852379,480,39,521,327,513
2025-02-03 03:50:46.852379,391,34,114,807,600
2025-02-03 04:50:46.852379,200,152,261,291,344
2025-02-03 05:50:46.852379,499,359,544,852,305
2025-02-03 06:50:46.852379,176,382,262,742,321
2025-02-03 07:50:46.852379,204,147,419,731,190
2025-02-03 08:50:46.852379,435,323,596,857,212
2025-02-03 09:50:46.852379,322,188,380,646,172
2025-02-03 10:50:46.852379,153,332,379,589,509
2025-02-03 11:50:46.852379,466,257,111,871,224
2025-02-03 12:50:46.852379,442,394,373,242,267
2025-02-03 13:50:46.852379,348,245,370,453,529
2025-02-03 14:50:46.852379,295,213,591,329,439
2025-02-03 15:50:46.852379,225,44,307,259,589
2025-02-03 16:50:46.852379,88,186,126,862,156
2025-02-03 17:50:46.852379,219,165,171,666,345
2025-02-03 18:50:46.852379,296,290,159,486,570
2025-02-03 19:50:46.852379,75,186,529,716,342
2025-02-03 20:50:46.852379,404,76,572,666,297
2025-02-03 21:50:46.852379,355,353,244,977,351
2025-02-03 22:50:46.852379,458,361,192,544,593
2025-02-03 23:50:46.852379,457,202,408,841,568
2025-02-04 00:50:46.852379,62,159,107,581,576
2025-02-04 01:50:46.852379,365,124,178,978,628
2025-02-04 02:50:46.852379,440,144,126,889,624
2025-02-04 03:50:46.852379,362,272,273,452,275
2025-02-04 04:50:46.852379,85,321,149,255,544
2025-02-04 05:50:46.852379,222,311,599,662,474
2025-02-04 06:50:46.852379,69,328,298,656,541
2025-02-04 07:50:46.852379,370,312,486,282,589
2025-02-04 08:50:46.852379,313,98,448,298,353
2025-02-04 09:50:46.852379,449,177,547,348,635
2025-02-04 10:50:46.852379,191,40,527,528,180
2025-02-04 11:50:46.852379,420,283,280,355,537
2025-02-04 12:50:46.852379,192,359,123,389,583
2025-02-04 13:50:46.852379,141,389,415,693,525
2025-02-04 14:50:46.852379,403,67,477,462,493
2025-02-04 15:50:46.852379,371,163,486,279,592
2025-02-04 16:50:46.852379,337,229,503,599,224
2025-02-04 17:50:46.852379,264,52,145,963,304
2025-02-04 18:50:46.852379,496,332,114,808,579
2025-02-04 19:50:46.852379,391,375,252,459,512
2025-02-04 20:50:46.852379,100,331,321,971,597
2025-02-04 21:50:46.852379,202,392,305,814,383
2025-02-04 22:50:46.852379,235,247,554,751,411
2025-02-04 23:50:46.852379,112,170,372,984,274
2025-02-05 00:50:46.852379,239,133,481,300,394
2025-02-05 01:50:46.852379,174,239,335,558,691
2025-02-05 02:50:46.852379,199,140,439,579,634
2025-02-05 03:50:46.852379,363,133,327,420,271
2025-02-05 04:50:46.852379,107,345,108,619,274
2025-02-05 05:50:46.852379,391,200,265,323,698
2025-02-05 06:50:46.852379,354,385,531,621,319
2025-02-05 07:50:46.852379,229,353,543,430,273
2025-02-05 08:50:46.852379,219,162,418,889,184
2025-02-05 09:50:46.852379,375,322,313,262,236
2025-02-05 10:50:46.852379,320,357,216,684,350
2025-02-05 11:50:46.852379,103,156,485,827,518
2025-02-05 12:50:46.852379,493,135,443,902,226
2025-02-05 13:50:46.852379,150,121,171,773,208
2025-02-05 14:50:46.852379,313,316,494,967,580
2025-02-05 15:50:46.852379,102,80,163,682,649
2025-02-05 16:50:46.852379,109,58,304,718,258
2025-02-05 17:50:46.852379,157,325,308,354,427
2025-02-05 18:50:46.852379,54,326,171,291,217
2025-02-05 19:50:46.852379,152,243,376,725,218
2025-02-05 20:50:46.852379,245,296,373,654,314
2025-02-05 21:50:46.852379,311,286,577,940,638
2025-02-05 22:50:46.852379,414,331,419,797,454
2025-02-05 23:50:46.852379,421,130,437,844,514
2025-02-06 00:50:46.852379,399,375,465,709,528
2025-02-06 01:50:46.852379,96,139,594,382,492
2025-02-06 02:50:46.852379,404,211,194,585,503
2025-02-06 03:50:46.852379,360,342,265,773,565
2025-02-06 04:50:46.852379,473,30,131,930,258
2025-02-06 05:50:46.852379,357,348,110,604,646
2025-02-06 06:50:46.852379,193,84,400,445,490
2025-02-06 07:50:46.852379,318,178,316,941,532
2025-02-06 08:50:46.852379,419,338,388,790,682
2025-02-06 09:50:46.852379,173,166,201,860,449
2025-02-06 10:50:46.852379,155,231,524,849,288
2025-02-06 11:50:46.852379,207,342,491,670,508
2025-02-06 12:50:46.852379,196,146,366,622,648
2025-02-06 13:50:46.852379,194,183,313,264,534
2025-02-06 14:50:46.852379,169,320,278,212,429
2025-02-06 15:50:46.852379,368,92,187,412,632
2025-02-06 16:50:46.852379,324,273,140,441,260
2025-02-06 17:50:46.852379,141,54,500,692,288
2025-02-06 18:50:46.852379,107,119,175,412,584
2025-02-06 19:50:46.852379,488,104,476,892,658
2025-02-06 20:50:46.852379,395,323,145,537,422
2025-02-06 21:50:46.852379,278,239,259,372,248
2025-02-06 22:50:46.852379,166,376,562,871,253
2025-02-06 23:50:46.852379,367,46,179,363,363
2025-02-07 00:50:46.852379,328,157,409,664,314
2025-02-07 01:50:46.852379,176,393,185,696,669
2025-02-07 02:50:46.852379,442,280,191,899,433
2025-02-07 03:50:46.852379,445,208,247,594,666
2025-02-07 04:50:46.852379,178,211,260,902,313
2025-02-07 05:50:46.852379,107,181,301,507,213
2025-02-07 06:50:46.852379,171,54,523,967,240
2025-02-07 07:50:46.852379,50,209,515,382,266
2025-02-07 08:50:46.852379,288,227,341,828,416
2025-02-07 09:50:46.852379,339,373,452,993,289
2025-02-07 10:50:46.852379,145,190,101,709,395
2025-02-07 11:50:46.852379,175,206,324,907,544
2025-02-07 12:50:46.852379,167,314,388,745,636
2025-02-07 13:50:46.852379,97,92,332,763,625
2025-02-07 14:50:46.852379,138,179,560,823,666
2025-02-07 15:50:46.852379,286,183,513,963,333
2025-02-07 16:50:46.852379,422,185,516,793,169
2025-02-07 17:50:46.852379,434,399,176,943,673
2025-02-07 18:50:46.852379,321,78,215,426,678
2025-02-07 19:50:46.852379,238,366,253,944,296
2025-02-07 20:50:46.852379,241,113,505,932,453
2025-02-07 21:50:46.852379,496,390,202,635,377
2025-02-07 22:50:46.852379,118,206,293,621,251
2025-02-07 23:50:46.852379,327,177,265,753,566
2025-02-08 00:50:46.852379,398,147,458,220,365
2025-02-08 01:50:46.852379,296,371,189,753,556
2025-02-08 02:50:46.852379,125,92,273,596,548
2025-02-08 03:50:46.852379,203,218,221,824,648
2025-02-08 04:50:46.852379,193,389,597,304,614
2025-02-08 05:50:46.852379,484,78,242,391,231
2025-02-08 06:50:46.852379,135,356,581,216,514
2025-02-08 07:50:46.852379,234,286,205,319,312
2025-02-08 08:50:46.852379,334,253,474,592,197
2025-02-08 09:50:46.852379,269,170,527,624,660
2025-02-08 10:50:46.852379,118,244,404,328,478
2025-02-08 11:50:46.852379,96,240,459,329,265
2025-02-08 12:50:46.852379,143,347,558,771,486
2025-02-08 13:50:46.852379,287,61,416,759,296
2025-02-08 14:50:46.852379,495,187,550,228,472
2025-02-08 15:50:46.852379,253,314,222,296,592
2025-02-08 16:50:46.852379,449,334,489,209,162
2025-02-08 17:50:46.852379,267,315,108,441,643
2025-02-08 18:50:46.852379,481,173,361,431,436
2025-02-08 19:50:46.852379,390,48,172,988,263
2025-02-08 20:50:46.852379,88,47,458,483,629
2025-02-08 21:50:46.852379,149,286,322,914,171
2025-02-08 22:50:46.852379,338,107,515,958,498
2025-02-08 23:50:46.852379,303,204,140,975,469
2025-02-09 00:50:46.852379,271,223,469,925,275
2025-02-09 01:50:46.852379,406,142,303,399,426
2025-02-09 02:50:46.852379,72,143,363,278,353
2025-02-09 03:50:46.852379,299,251,427,372,343
2025-02-09 04:50:46.852379,59,195,277,666,696
2025-02-09 05:50:46.852379,295,348,447,780,435
2025-02-09 06:50:46.852379,374,161,417,615,206
2025-02-09 07:50:46.852379,149,293,183,648,452
2025-02-09 08:50:46.852379,339,84,417,286,312
2025-02-09 09:50:46.852379,229,388,210,300,168
2025-02-09 10:50:46.852379,272,160,350,207,519
2025-02-09 11:50:46.852379,443,317,482,399,413
2025-02-09 12:50:46.852379,299,295,106,704,262
2025-02-09 13:50:46.852379,196,395,558,286,637
2025-02-09 14:50:46.852379,491,191,183,242,476
2025-02-09 15:50:46.852379,145,116,307,584,691
2025-02-09 16:50:46.852379,306,84,487,820,214
2025-02-09 17:50:46.852379,374,317,489,634,441
2025-02-09 18:50:46.852379,53,207,413,607,174
2025-02-09 19:50:46.852379,65,378,121,682,698
2025-02-09 20:50:46.852379,329,37,509,863,150
2025-02-09 21:50:46.852379,385,350,482,216,698
2025-02-09 22:50:46.852379,296,342,102,844,290
2025-02-09 23:50:46.852379,307,276,226,347,337
2025-02-10 00:50:46.852379,433,352,396,476,277
2025-02-10 01:50:46.852379,209,284,287,431,350
2025-02-10 02:50:46.852379,389,357,461,565,276
2025-02-10 03:50:46.852379,201,83,113,427,406
2025-02-10 04:50:46.852379,445,278,558,850,696
2025-02-10 05:50:46.852379,227,268,565,635,343
2025-02-10 06:50:46.852379,212,258,111,598,253
2025-02-10 07:50:46.852379,429,96,186,410,684
2025-02-10 08:50:46.852379,82,80,111,590,414
2025-02-10 09:50:46.852379,466,126,496,698,533
2025-02-10 10:50:46.852379,494,121,124,739,409
2025-02-10 11:50:46.852379,228,293,400,762,563
2025-02-10 12:50:46.852379,476,320,342,690,507
2025-02-10 13:50:46.852379,150,125,221,641,224
2025-02-10 14:50:46.852379,317,117,246,460,504
2025-02-10 15:50:46.852379,372,107,154,972,337
2025-02-10 16:50:46.852379,114,317,337,549,439
2025-02-10 17:50:46.852379,466,149,455,551,194
2025-02-10 18:50:46.852379,217,331,272,719,232
2025-02-10 19:50:46.852379,379,194,491,519,272
2025-02-10 20:50:46.852379,92,211,320,337,507
2025-02-10 21:50:46.852379,93,252,218,749,677
2025-02-10 22:50:46.852379,334,340,408,822,215
2025-02-10 23:50:46.852379,446,36,282,567,524
2025-02-11 00:50:46.852379,61,359,387,419,311
2025-02-11 01:50:46.852379,144,292,406,536,529
2025-02-11 02:50:46.852379,351,190,399,422,507
2025-02-11 03:50:46.852379,435,180,181,847,337
2025-02-11 04:50:46.852379,302,114,553,967,471
2025-02-11 05:50:46.852379,291,176,501,559,599
2025-02-11 06:50:46.852379,84,141,310,528,623
2025-02-11 07:50:46.852379,264,65,249,662,162
2025-02-11 08:50:46.852379,386,314,136,760,333
2025-02-11 09:50:46.852379,139,217,451,581,260
2025-02-11 10:50:46.852379,313,111,411,789,657
2025-02-11 11:50:46.852379,142,31,460,816,439
2025-02-11 12:50:46.852379,459,332,158,368,444
2025-02-11 13:50:46.852379,139,226,230,416,600
2025-02-11 14:50:46.852379,467,40,511,577,364
2025-02-11 15:50:46.852379,164,263,301,318,176
2025-02-11 16:50:46.852379,154,224,342,389,380
2025-02-11 17:50:46.852379,440,148,134,966,470
2025-02-11 18:50:46.852379,245,49,544,569,382
2025-02-11 19:50:46.852379,363,290,192,977,586
2025-02-11 20:50:46.852379,163,322,537,348,682
2025-02-11 21:50:46.852379,124,285,546,875,552
2025-02-11 22:50:46.852379,462,251,306,851,202
2025-02-11 23:50:46.852379,425,255,452,687,462
2025-02-12 00:50:46.852379,469,82,490,969,430
2025-02-12 01:50:46.852379,266,384,431,573,180
2025-02-12 02:50:46.852379,326,371,404,980,486
2025-02-12 03:50:46.852379,298,393,449,892,332
2025-02-12 04:50:46.852379,213,309,312,359,172
2025-02-12 05:50:46.852379,443,110,258,550,693
2025-02-12 06:50:46.852379,406,231,541,487,595
2025-02-12 07:50:46.852379,457,187,544,487,223
2025-02-12 08:50:46.852379,241,149,123,425,159
2025-02-12 09:50:46.852379,276,88,503,722,633
2025-02-12 10:50:46.852379,226,244,392,721,605
2025-02-12 11:50:46.852379,148,157,103,982,309
2025-02-12 12:50:46.852379,85,253,319,472,163
2025-02-12 13:50:46.852379,145,238,463,601,327
2025-02-12 14:50:46.852379,201,399,481,382,561
2025-02-12 15:50:46.852379,200,144,119,864,202
2025-02-12 16:50:46.852379,239,238,543,687,557
2025-02-12 17:50:46.852379,273,43,251,323,171
2025-02-12 18:50:46.852379,86,38,149,825,179
2025-02-12 19:50:46.852379,317,69,276,989,409
2025-02-12 20:50:46.852379,418,266,534,613,354
2025-02-12 21:50:46.852379,232,310,195,924,208
2025-02-12 22:50:46.852379,62,388,204,371,620
2025-02-12 23:50:46.852379,328,230,519,487,615
2025-02-13 00:50:46.852379,266,275,349,634,161
2025-02-13 01:50:46.852379,404,307,216,885,439
2025-02-13 02:50:46.852379,410,264,453,312,503
2025-02-13 03:50:46.852379,335,33,327,321,224
2025-02-13 04:50:46.852379,322,183,165,743,590
2025-02-13 05:50:46.852379,418,58,434,421,390
2025-02-13 06:50:46.852379,111,138,517,830,303
2025-02-13 07:50:46.852379,133,127,519,238,245
2025-02-13 08:50:46.852379,417,244,361,696,443
2025-02-13 09:50:46.852379,266,322,394,979,358
2025-02-13 10:50:46.852379,391,104,525,432,492
2025-02-13 11:50:46.852379,446,355,342,729,237
2025-02-13 12:50:46.852379,236,175,470,348,539
2025-02-13 13:50:46.852379,68,157,285,596,474
2025-02-13 14:50:46.852379,226,370,345,860,306
2025-02-13 15:50:46.852379,149,71,224,837,286
2025-02-13 16:50:46.852379,445,385,367,501,577
2025-02-13 17:50:46.852379,494,70,230,559,601
2025-02-13 18:50:46.852379,282,63,336,437,290
2025-02-13 19:50:46.852379,452,46,117,846,232
2025-02-13 20:50:46.852379,125,194,139,862,326
2025-02-13 21:50:46.852379,314,182,120,435,347
2025-02-13 22:50:46.852379,333,105,498,935,570
2025-02-13 23:50:46.852379,255,116,324,402,550
2025-02-14 00:50:46.852379,272,146,454,455,620
2025-02-14 01:50:46.852379,433,391,381,797,367
2025-02-14 02:50:46.852379,101,371,107,861,324
2025-02-14 03:50:46.852379,388,56,199,434,172
2025-02-14 04:50:46.852379,416,342,339,544,384
2025-02-14 05:50:46.852379,193,316,577,733,162
2025-02-14 06:50:46.852379,422,163,186,996,250
2025-02-14 07:50:46.852379,118,248,397,980,685
2025-02-14 08:50:46.852379,148,197,527,665,672
2025-02-14 09:50:46.852379,445,127,113,969,601
2025-02-14 10:50:46.852379,74,297,433,740,580
2025-02-14 11:50:46.852379,485,266,101,412,682
2025-02-14 12:50:46.852379,428,338,474,662,442
2025-02-14 13:50:46.852379,102,202,392,635,250
2025-02-14 14:50:46.852379,200,219,424,482,651
2025-02-14 15:50:46.852379,193,151,521,761,453
2025-02-14 16:50:46.852379,106,75,592,806,689
2025-02-14 17:50:46.852379,88,93,140,662,504
2025-02-14 18:50:46.852379,158,159,417,606,452
2025-02-14 19:50:46.852379,230,339,415,287,645
2025-02-14 20:50:46.852379,91,392,480,243,376
2025-02-14 21:50:46.852379,235,222,210,660,385
2025-02-14 22:50:46.852379,472,336,113,477,604
2025-02-14 23:50:46.852379,447,210,330,882,162
2025-02-15 00:50:46.852379,272,321,572,620,359
2025-02-15 01:50:46.852379,171,311,183,900,546
2025-02-15 02:50:46.852379,182,58,229,552,249
2025-02-15 03:50:46.852379,212,178,330,895,180
2025-02-15 04:50:46.852379,264,296,425,714,677
2025-02-15 05:50:46.852379,270,325,244,902,478
2025-02-15 06:50:46.852379,284,40,478,829,315
2025-02-15 07:50:46.852379,380,193,444,218,608
2025-02-15 08:50:46.852379,195,142,127,222,249
2025-02-15 09:50:46.852379,288,216,165,612,322
2025-02-15 10:50:46.852379,125,324,262,229,311
2025-02-15 11:50:46.852379,58,261,328,307,412
2025-02-15 12:50:46.852379,123,256,360,566,423
2025-02-15 13:50:46.852379,491,339,548,480,152
2025-02-15 14:50:46.852379,450,127,523,327,177
2025-02-15 15:50:46.852379,302,84,559,428,475
2025-02-15 16:50:46.852379,279,140,539,310,298
2025-02-15 17:50:46.852379,56,181,263,335,689
2025-02-15 18:50:46.852379,223,275,400,561,637
2025-02-15 19:50:46.852379,190,98,506,385,587
2025-02-15 20:50:46.852379,217,341,402,855,214
2025-02-15 21:50:46.852379,219,318,386,783,505
2025-02-15 22:50:46.852379,442,279,494,328,682
2025-02-15 23:50:46.852379,483,65,109,460,401
2025-02-16 00:50:46.852379,332,268,294,714,384
2025-02-16 01:50:46.852379,171,177,217,648,376
2025-02-16 02:50:46.852379,243,256,369,303,674
2025-02-16 03:50:46.852379,54,273,179,682,462
2025-02-16 04:50:46.852379,78,366,557,423,198
2025-02-16 05:50:46.852379,214,394,192,690,267
2025-02-16 06:50:46.852379,471,230,365,672,203
2025-02-16 07:50:46.852379,388,183,431,209,193
2025-02-16 08:50:46.852379,185,102,449,604,202
2025-02-16 09:50:46.852379,414,230,460,501,674
2025-02-16 10:50:46.852379,370,325,356,430,251
2025-02-16 11:50:46.852379,391,46,232,930,547
2025-02-16 12:50:46.852379,194,158,375,265,287
2025-02-16 13:50:46.852379,376,246,363,311,536
2025-02-16 14:50:46.852379,266,90,270,212,260
2025-02-16 15:50:46.852379,350,133,559,592,166
2025-02-16 16:50:46.852379,181,71,100,699,331
2025-02-16 17:50:46.852379,341,54,412,797,685
2025-02-16 18:50:46.852379,119,68,163,433,690
2025-02-16 19:50:46.852379,301,320,473,801,320
2025-02-16 20:50:46.852379,464,160,567,513,558
2025-02-16 21:50:46.852379,324,258,383,765,527
2025-02-16 22:50:46.852379,494,137,220,211,337
2025-02-16 23:50:46.852379,413,201,206,408,379
2025-02-17 00:50:46.852379,231,131,520,213,268
2025-02-17 01:50:46.852379,216,383,274,832,305
2025-02-17 02:50:46.852379,140,41,584,617,614
2025-02-17 03:50:46.852379,251,304,303,636,253
2025-02-17 04:50:46.852379,395,130,264,576,651
2025-02-17 05:50:46.852379,68,73,404,219,324
2025-02-17 06:50:46.852379,88,334,596,786,570
2025-02-17 07:50:46.852379,175,46,219,954,283
2025-02-17 08:50:46.852379,222,359,143,934,540
2025-02-17 09:50:46.852379,190,86,411,269,650
2025-02-17 10:50:46.852379,291,340,255,410,182
2025-02-17 11:50:46.852379,269,332,466,300,204
2025-02-17 12:50:46.852379,175,41,306,897,668
2025-02-17 13:50:46.852379,107,347,489,331,161
2025-02-17 14:50:46.852379,197,109,207,822,677
2025-02-17 15:50:46.852379,366,245,350,580,522
2025-02-17 16:50:46.852379,432,368,544,331,633
2025-02-17 17:50:46.852379,410,293,503,219,377
2025-02-17 18:50:46.852379,472,178,469,735,456
2025-02-17 19:50:46.852379,50,110,433,426,606
